Provinsi;Komoditas;Tahun;Luas Panen;Produksi;KMeans;KMeans Label;Prediksi Luas Panen;Prediksi Produksi
ACEH;Kacang Tanah;1993;16756;19056;1;Rendah;18772,34077;19418,00991
ACEH;Kacang Tanah;1994;18939;23380;1;Rendah;18712,01469;21977,70088
ACEH;Kacang Tanah;1995;30601;32517;1;Rendah;18651,68861;35652,05548
ACEH;Kacang Tanah;1996;19704;22639;1;Rendah;18591,36254;22874,70664
ACEH;Kacang Tanah;1997;16936;20288;1;Rendah;18531,03646;19629,07009
ACEH;Kacang Tanah;1998;8091;9513;1;Rendah;18470,71038;9257,807313
ACEH;Kacang Tanah;1999;9131;11124;1;Rendah;18410,3843;10477,26614
ACEH;Kacang Tanah;2000;7453;9179;1;Rendah;18350,05822;8509,716228
ACEH;Kacang Tanah;2001;4355;5047;1;Rendah;18289,73215;4877,136005
ACEH;Kacang Tanah;2002;6190;7377;1;Rendah;18229,40607;7028,777293
ACEH;Kacang Tanah;2003;14239;16887;1;Rendah;18169,07999;16466,68504
ACEH;Kacang Tanah;2004;12363;14687;1;Rendah;18108,75391;14266,96894
ACEH;Kacang Tanah;2005;12984;15597;1;Rendah;18048,42784;14995,12656
ACEH;Kacang Tanah;2006;9249;11091;1;Rendah;17988,10176;10615,62781
ACEH;Kacang Tanah;2007;6582;7972;1;Rendah;17927,77568;7488,419464
ACEH;Kacang Tanah;2008;5214;6322;1;Rendah;17867,4496;5884,36209
ACEH;Kacang Tanah;2009;4707;5926;1;Rendah;17807,12352;5289,875914
ACEH;Kacang Tanah;2010;5579;7063;1;Rendah;17746,79745;6312,345235
ACEH;Kacang Tanah;2011;4999;6172;1;Rendah;17686,47137;5632,26243
ACEH;Kacang Tanah;2012;5681;6934;1;Rendah;17626,14529;6431,946004
ACEH;Kacang Tanah;2013;3118;3861;1;Rendah;17565,81921;3426,683541
ACEH;Kacang Tanah;2014;2502;3080;1;Rendah;17505,49313;2704,3887
ACEH;Kacang Tanah;2015;2019;2527;1;Rendah;17445,16706;2138,043881
BALI;Kacang Tanah;1993;11870;13936;1;Rendah;18772,34077;13688,89855
BALI;Kacang Tanah;1994;13515;14300;1;Rendah;18712,01469;15617,75409
BALI;Kacang Tanah;1995;14263;15490;1;Rendah;18651,68861;16494,8264
BALI;Kacang Tanah;1996;14016;15923;1;Rendah;18591,36254;16205,20493
BALI;Kacang Tanah;1997;15510;19052;1;Rendah;18531,03646;17957,00443
BALI;Kacang Tanah;1998;15954;20414;1;Rendah;18470,71038;18477,61954
BALI;Kacang Tanah;1999;13873;16416;1;Rendah;18410,3843;16037,52934
BALI;Kacang Tanah;2000;12771;15086;1;Rendah;18350,05822;14745,37201
BALI;Kacang Tanah;2001;12988;16394;1;Rendah;18289,73215;14999,81679
BALI;Kacang Tanah;2002;13779;16251;1;Rendah;18229,40607;15927,30903
BALI;Kacang Tanah;2003;14234;18452;1;Rendah;18169,07999;16460,82226
BALI;Kacang Tanah;2004;15179;19256;1;Rendah;18108,75391;17568,88821
BALI;Kacang Tanah;2005;15183;19742;1;Rendah;18048,42784;17573,57844
BALI;Kacang Tanah;2006;13433;18040;1;Rendah;17988,10176;15521,60446
BALI;Kacang Tanah;2007;13732;19077;1;Rendah;17927,77568;15872,19887
BALI;Kacang Tanah;2008;12247;16592;1;Rendah;17867,4496;14130,95238
BALI;Kacang Tanah;2009;11902;15583;1;Rendah;17807,12352;13726,42036
BALI;Kacang Tanah;2010;10397;11582;1;Rendah;17746,79745;11961,72274
BALI;Kacang Tanah;2011;9926;11212;1;Rendah;17686,47137;11409,4486
BALI;Kacang Tanah;2012;9572;11616;1;Rendah;17626,14529;10994,36358
BALI;Kacang Tanah;2013;8500;11024;1;Rendah;17565,81921;9737,382946
BALI;Kacang Tanah;2014;7876;8355;1;Rendah;17505,49313;9005,707653
BALI;Kacang Tanah;2015;7068;7065;1;Rendah;17445,16706;8058,281953
BANTEN;Kacang Tanah;1993;0;0;1;Rendah;18772,34077;-229,3478136
BANTEN;Kacang Tanah;1994;0;0;1;Rendah;18712,01469;-229,3478136
BANTEN;Kacang Tanah;1995;0;0;1;Rendah;18651,68861;-229,3478136
BANTEN;Kacang Tanah;1996;0;0;1;Rendah;18591,36254;-229,3478136
BANTEN;Kacang Tanah;1997;0;0;1;Rendah;18531,03646;-229,3478136
BANTEN;Kacang Tanah;1998;0;0;1;Rendah;18470,71038;-229,3478136
BANTEN;Kacang Tanah;1999;0;0;1;Rendah;18410,3843;-229,3478136
BANTEN;Kacang Tanah;2000;0;0;1;Rendah;18350,05822;-229,3478136
BANTEN;Kacang Tanah;2001;13225;13097;1;Rendah;18289,73215;15277,71269
BANTEN;Kacang Tanah;2002;13939;14136;1;Rendah;18229,40607;16114,91808
BANTEN;Kacang Tanah;2003;9668;12256;1;Rendah;18169,07999;11106,92901
BANTEN;Kacang Tanah;2004;10487;13752;1;Rendah;18108,75391;12067,25283
BANTEN;Kacang Tanah;2005;13284;17853;1;Rendah;18048,42784;15346,89353
BANTEN;Kacang Tanah;2006;14211;18535;1;Rendah;17988,10176;16433,85346
BANTEN;Kacang Tanah;2007;13715;18171;1;Rendah;17927,77568;15852,26541
BANTEN;Kacang Tanah;2008;12299;16319;1;Rendah;17867,4496;14191,92532
BANTEN;Kacang Tanah;2009;12971;19782;1;Rendah;17807,12352;14979,88333
BANTEN;Kacang Tanah;2010;13862;20381;1;Rendah;17746,79745;16024,63122
BANTEN;Kacang Tanah;2011;10075;12246;1;Rendah;17686,47137;11584,15953
BANTEN;Kacang Tanah;2012;10727;11691;1;Rendah;17626,14529;12348,66641
BANTEN;Kacang Tanah;2013;9273;12810;1;Rendah;17565,81921;10643,76917
BANTEN;Kacang Tanah;2014;8061;10700;1;Rendah;17505,49313;9222,630617
BANTEN;Kacang Tanah;2015;7614;11004;1;Rendah;17445,16706;8698,497834
BENGKULU;Kacang Tanah;1993;8770;8594;1;Rendah;18772,34077;10053,97322
BENGKULU;Kacang Tanah;1994;8002;6861;1;Rendah;18712,01469;9153,44978
BENGKULU;Kacang Tanah;1995;9616;8920;1;Rendah;18651,68861;11045,95607
BENGKULU;Kacang Tanah;1996;9221;8740;1;Rendah;18591,36254;10582,79623
BENGKULU;Kacang Tanah;1997;9522;9215;1;Rendah;18531,03646;10935,73575
BENGKULU;Kacang Tanah;1998;8147;7824;1;Rendah;18470,71038;9323,470481
BENGKULU;Kacang Tanah;1999;6216;6156;1;Rendah;18410,3843;7059,263763
BENGKULU;Kacang Tanah;2000;5722;5628;1;Rendah;18350,05822;6480,020823
BENGKULU;Kacang Tanah;2001;5545;5472;1;Rendah;18289,73215;6272,478312
BENGKULU;Kacang Tanah;2002;6233;6035;1;Rendah;18229,40607;7079,197225
BENGKULU;Kacang Tanah;2003;6239;6040;1;Rendah;18169,07999;7086,232564
BENGKULU;Kacang Tanah;2004;5852;5814;1;Rendah;18108,75391;6632,453176
BENGKULU;Kacang Tanah;2005;6844;6800;1;Rendah;18048,42784;7795,629283
BENGKULU;Kacang Tanah;2006;7128;7038;1;Rendah;17988,10176;8128,635346
BENGKULU;Kacang Tanah;2007;5477;5430;1;Rendah;17927,77568;6192,744466
BENGKULU;Kacang Tanah;2008;4622;4585;1;Rendah;17867,4496;5190,208607
BENGKULU;Kacang Tanah;2009;3499;3472;1;Rendah;17807,12352;3873,42759
BENGKULU;Kacang Tanah;2010;7030;7253;1;Rendah;17746,79745;8013,724803
BENGKULU;Kacang Tanah;2011;6384;6444;1;Rendah;17686,47137;7256,253265
BENGKULU;Kacang Tanah;2012;5403;5802;1;Rendah;17626,14529;6105,97528
BENGKULU;Kacang Tanah;2013;4370;4679;1;Rendah;17565,81921;4894,724354
BENGKULU;Kacang Tanah;2014;4535;4612;1;Rendah;17505,49313;5088,196186
BENGKULU;Kacang Tanah;2015;2971;3630;1;Rendah;17445,16706;3254,317726
DI YOGYAKARTA;Kacang Tanah;1993;36106;30762;1;Rendah;18772,34077;42106,97934
DI YOGYAKARTA;Kacang Tanah;1994;46224;37118;0;Sedang;18712,01469;53970,90662
DI YOGYAKARTA;Kacang Tanah;1995;42384;35869;0;Sedang;18651,68861;49468,28943
DI YOGYAKARTA;Kacang Tanah;1996;52133;48866;0;Sedang;18591,36254;60899,54333
DI YOGYAKARTA;Kacang Tanah;1997;48647;48520;0;Sedang;18531,03646;56812,01116
DI YOGYAKARTA;Kacang Tanah;1998;49354;43357;0;Sedang;18470,71038;57641,00865
DI YOGYAKARTA;Kacang Tanah;1999;48814;47066;0;Sedang;18410,3843;57007,82811
DI YOGYAKARTA;Kacang Tanah;2000;54355;53918;0;Sedang;18350,05822;63504,96401
DI YOGYAKARTA;Kacang Tanah;2001;58869;50552;0;Sedang;18289,73215;68797,88432
DI YOGYAKARTA;Kacang Tanah;2002;61713;58482;0;Sedang;18229,40607;72132,63517
DI YOGYAKARTA;Kacang Tanah;2003;69803;57767;0;Sedang;18169,07999;81618,61774
DI YOGYAKARTA;Kacang Tanah;2004;68010;61048;0;Sedang;18108,75391;79516,22383
DI YOGYAKARTA;Kacang Tanah;2005;70362;60324;0;Sedang;18048,42784;82274,07686
DI YOGYAKARTA;Kacang Tanah;2006;68031;66359;0;Sedang;17988,10176;79540,84752
DI YOGYAKARTA;Kacang Tanah;2007;66527;56667;0;Sedang;17927,77568;77777,32245
DI YOGYAKARTA;Kacang Tanah;2008;64087;63240;0;Sedang;17867,4496;74916,28445
DI YOGYAKARTA;Kacang Tanah;2009;62539;65893;0;Sedang;17807,12352;73101,16689
DI YOGYAKARTA;Kacang Tanah;2010;58780;58918;0;Sedang;17746,79745;68693,52678
DI YOGYAKARTA;Kacang Tanah;2011;59533;64084;0;Sedang;17686,47137;69576,46187
DI YOGYAKARTA;Kacang Tanah;2012;60725;62901;0;Sedang;17626,14529;70974,14929
DI YOGYAKARTA;Kacang Tanah;2013;65680;70834;0;Sedang;17565,81921;76784,16705
DI YOGYAKARTA;Kacang Tanah;2014;67532;71582;0;Sedang;17505,49313;78955,7418
DI YOGYAKARTA;Kacang Tanah;2015;70888;83300;0;Sedang;17445,16706;82890,84161
DKI JAKARTA;Kacang Tanah;1993;27;28;1;Rendah;18772,34077;-197,6887864
DKI JAKARTA;Kacang Tanah;1994;7;7;1;Rendah;18712,01469;-221,1399176
DKI JAKARTA;Kacang Tanah;1995;8;8;1;Rendah;18651,68861;-219,9673611
DKI JAKARTA;Kacang Tanah;1996;12;12;1;Rendah;18591,36254;-215,2771348
DKI JAKARTA;Kacang Tanah;1997;6;6;1;Rendah;18531,03646;-222,3124742
DKI JAKARTA;Kacang Tanah;1998;19;19;1;Rendah;18470,71038;-207,0692389
DKI JAKARTA;Kacang Tanah;1999;22;22;1;Rendah;18410,3843;-203,5515692
DKI JAKARTA;Kacang Tanah;2000;34;34;1;Rendah;18350,05822;-189,4808905
DKI JAKARTA;Kacang Tanah;2001;20;20;1;Rendah;18289,73215;-205,8966824
DKI JAKARTA;Kacang Tanah;2002;22;22;1;Rendah;18229,40607;-203,5515692
DKI JAKARTA;Kacang Tanah;2003;18;18;1;Rendah;18169,07999;-208,2417955
DKI JAKARTA;Kacang Tanah;2004;24;24;1;Rendah;18108,75391;-201,2064561
DKI JAKARTA;Kacang Tanah;2005;18;18;1;Rendah;18048,42784;-208,2417955
DKI JAKARTA;Kacang Tanah;2006;26;26;1;Rendah;17988,10176;-198,861343
DKI JAKARTA;Kacang Tanah;2007;18;18;1;Rendah;17927,77568;-208,2417955
DKI JAKARTA;Kacang Tanah;2008;17;17;1;Rendah;17867,4496;-209,414352
DKI JAKARTA;Kacang Tanah;2009;9;9;1;Rendah;17807,12352;-218,7948045
DKI JAKARTA;Kacang Tanah;2010;9;10;1;Rendah;17746,79745;-218,7948045
DKI JAKARTA;Kacang Tanah;2011;7;7;1;Rendah;17686,47137;-221,1399176
DKI JAKARTA;Kacang Tanah;2012;1;1;1;Rendah;17626,14529;-228,175257
DKI JAKARTA;Kacang Tanah;2013;0;0;1;Rendah;17565,81921;-229,3478136
DKI JAKARTA;Kacang Tanah;2014;0;0;1;Rendah;17505,49313;-229,3478136
DKI JAKARTA;Kacang Tanah;2015;0;0;1;Rendah;17445,16706;-229,3478136
GORONTALO;Kacang Tanah;1993;0;0;1;Rendah;18772,34077;-229,3478136
GORONTALO;Kacang Tanah;1994;0;0;1;Rendah;18712,01469;-229,3478136
GORONTALO;Kacang Tanah;1995;0;0;1;Rendah;18651,68861;-229,3478136
GORONTALO;Kacang Tanah;1996;0;0;1;Rendah;18591,36254;-229,3478136
GORONTALO;Kacang Tanah;1997;0;0;1;Rendah;18531,03646;-229,3478136
GORONTALO;Kacang Tanah;1998;0;0;1;Rendah;18470,71038;-229,3478136
GORONTALO;Kacang Tanah;1999;0;0;1;Rendah;18410,3843;-229,3478136
GORONTALO;Kacang Tanah;2000;0;0;1;Rendah;18350,05822;-229,3478136
GORONTALO;Kacang Tanah;2001;3202;3627;1;Rendah;18289,73215;3525,178292
GORONTALO;Kacang Tanah;2002;2014;2328;1;Rendah;18229,40607;2132,181098
GORONTALO;Kacang Tanah;2003;3344;3189;1;Rendah;18169,07999;3691,681323
GORONTALO;Kacang Tanah;2004;4333;5536;1;Rendah;18108,75391;4851,339761
GORONTALO;Kacang Tanah;2005;4341;5378;1;Rendah;18048,42784;4860,720213
GORONTALO;Kacang Tanah;2006;2460;2862;1;Rendah;17988,10176;2655,141324
GORONTALO;Kacang Tanah;2007;2591;3336;1;Rendah;17927,77568;2808,746233
GORONTALO;Kacang Tanah;2008;1878;1849;1;Rendah;17867,4496;1972,713406
GORONTALO;Kacang Tanah;2009;1646;1655;1;Rendah;17807,12352;1700,680284
GORONTALO;Kacang Tanah;2010;1873;2261;1;Rendah;17746,79745;1966,850623
GORONTALO;Kacang Tanah;2011;955;979;1;Rendah;17686,47137;890,4437013
GORONTALO;Kacang Tanah;2012;1003;1126;1;Rendah;17626,14529;946,7264161
GORONTALO;Kacang Tanah;2013;956;1282;1;Rendah;17565,81921;891,6162578
GORONTALO;Kacang Tanah;2014;1043;1227;1;Rendah;17505,49313;993,6286785
GORONTALO;Kacang Tanah;2015;769;756;1;Rendah;17445,16706;672,3481811
JAMBI;Kacang Tanah;1993;3131;3405;1;Rendah;18772,34077;3441,926776
JAMBI;Kacang Tanah;1994;3270;2658;1;Rendah;18712,01469;3604,912138
JAMBI;Kacang Tanah;1995;3673;4053;1;Rendah;18651,68861;4077,452431
JAMBI;Kacang Tanah;1996;3021;3403;1;Rendah;18591,36254;3312,945554
JAMBI;Kacang Tanah;1997;2182;2469;1;Rendah;18531,03646;2329,1706
JAMBI;Kacang Tanah;1998;4514;4742;1;Rendah;18470,71038;5063,572498
JAMBI;Kacang Tanah;1999;3614;3554;1;Rendah;18410,3843;4008,271594
JAMBI;Kacang Tanah;2000;2394;0;1;Rendah;18350,05822;2577,752591
JAMBI;Kacang Tanah;2001;2480;2614;1;Rendah;18289,73215;2678,592455
JAMBI;Kacang Tanah;2002;1764;1807;1;Rendah;18229,40607;1839,041958
JAMBI;Kacang Tanah;2003;1836;1993;1;Rendah;18169,07999;1923,466031
JAMBI;Kacang Tanah;2004;1996;2220;1;Rendah;18108,75391;2111,07508
JAMBI;Kacang Tanah;2005;2000;2315;1;Rendah;18048,42784;2115,765306
JAMBI;Kacang Tanah;2006;2059;2431;1;Rendah;17988,10176;2184,946143
JAMBI;Kacang Tanah;2007;2060;2501;1;Rendah;17927,77568;2186,1187
JAMBI;Kacang Tanah;2008;1960;2367;1;Rendah;17867,4496;2068,863044
JAMBI;Kacang Tanah;2009;1771;2184;1;Rendah;17807,12352;1847,249854
JAMBI;Kacang Tanah;2010;1468;1782;1;Rendah;17746,79745;1491,965217
JAMBI;Kacang Tanah;2011;1315;1680;1;Rendah;17686,47137;1312,564063
JAMBI;Kacang Tanah;2012;1203;1535;1;Rendah;17626,14529;1181,237728
JAMBI;Kacang Tanah;2013;1161;1513;1;Rendah;17565,81921;1131,990353
JAMBI;Kacang Tanah;2014;1139;1461;1;Rendah;17505,49313;1106,194108
JAMBI;Kacang Tanah;2015;907;1176;1;Rendah;17445,16706;834,1609864
JAWA BARAT;Kacang Tanah;1993;89306;97780;0;Sedang;18772,34077;104486,9883
JAWA BARAT;Kacang Tanah;1994;89327;98286;0;Sedang;18712,01469;104511,612
JAWA BARAT;Kacang Tanah;1995;105145;117408;0;Sedang;18651,68861;123059,1117
JAWA BARAT;Kacang Tanah;1996;93055;106128;0;Sedang;18591,36254;108882,9029
JAWA BARAT;Kacang Tanah;1997;86289;100626;0;Sedang;18531,03646;100949,3852
JAWA BARAT;Kacang Tanah;1998;92715;104141;0;Sedang;18470,71038;108484,2336
JAWA BARAT;Kacang Tanah;1999;88117;98661;0;Sedang;18410,3843;103092,8186
JAWA BARAT;Kacang Tanah;2000;96616;109368;0;Sedang;18350,05822;113058,3768
JAWA BARAT;Kacang Tanah;2001;73305;86063;0;Sedang;18289,73215;85724,91082
JAWA BARAT;Kacang Tanah;2002;67406;86468;0;Sedang;18229,40607;78807,99967
JAWA BARAT;Kacang Tanah;2003;67022;90170;0;Sedang;18169,07999;78357,73795
JAWA BARAT;Kacang Tanah;2004;72117;97724;0;Sedang;18108,75391;84331,91362
JAWA BARAT;Kacang Tanah;2005;71523;100775;0;Sedang;18048,42784;83635,41503
JAWA BARAT;Kacang Tanah;2006;64653;91817;0;Sedang;17988,10176;75579,95146
JAWA BARAT;Kacang Tanah;2007;63922;91439;0;Sedang;17927,77568;74722,81261
JAWA BARAT;Kacang Tanah;2008;54103;78512;0;Sedang;17867,4496;63209,47975
JAWA BARAT;Kacang Tanah;2009;61498;89454;0;Sedang;17807,12352;71880,53551
JAWA BARAT;Kacang Tanah;2010;67901;99058;0;Sedang;17746,79745;79388,41517
JAWA BARAT;Kacang Tanah;2011;48641;73705;0;Sedang;17686,47137;56804,97582
JAWA BARAT;Kacang Tanah;2012;53569;76574;0;Sedang;17626,14529;62583,33455
JAWA BARAT;Kacang Tanah;2013;54346;91573;0;Sedang;17565,81921;63494,411
JAWA BARAT;Kacang Tanah;2014;50007;73808;0;Sedang;17505,49313;58406,68808
JAWA BARAT;Kacang Tanah;2015;43761;80719;0;Sedang;17445,16706;51082,89981
JAWA TENGAH;Kacang Tanah;1993;113920;117692;2;Tinggi;18772,34077;133348,2955
JAWA TENGAH;Kacang Tanah;1994;111738;112658;0;Sedang;18712,01469;130789,7771
JAWA TENGAH;Kacang Tanah;1995;129970;136847;2;Tinggi;18651,68861;152167,8283
JAWA TENGAH;Kacang Tanah;1996;125226;133943;2;Tinggi;18591,36254;146605,22
JAWA TENGAH;Kacang Tanah;1997;118290;132751;2;Tinggi;18531,03646;138472,3677
JAWA TENGAH;Kacang Tanah;1998;133617;145830;2;Tinggi;18470,71038;156444,1421
JAWA TENGAH;Kacang Tanah;1999;126409;135522;2;Tinggi;18410,3843;147992,3544
JAWA TENGAH;Kacang Tanah;2000;143558;160050;2;Tinggi;18350,05822;168100,5268
JAWA TENGAH;Kacang Tanah;2001;142428;161182;2;Tinggi;18289,73215;166775,5379
JAWA TENGAH;Kacang Tanah;2002;141537;150527;2;Tinggi;18229,40607;165730,79
JAWA TENGAH;Kacang Tanah;2003;147226;174332;2;Tinggi;18169,07999;172401,4643
JAWA TENGAH;Kacang Tanah;2004;155634;184316;2;Tinggi;18108,75391;182260,3198
JAWA TENGAH;Kacang Tanah;2005;155146;185797;2;Tinggi;18048,42784;181688,1122
JAWA TENGAH;Kacang Tanah;2006;147677;179067;2;Tinggi;17988,10176;172930,2873
JAWA TENGAH;Kacang Tanah;2007;139250;174438;2;Tinggi;17927,77568;163049,1532
JAWA TENGAH;Kacang Tanah;2008;135270;171385;2;Tinggi;17867,4496;158382,3781
JAWA TENGAH;Kacang Tanah;2009;124178;162430;2;Tinggi;17807,12352;145376,3807
JAWA TENGAH;Kacang Tanah;2010;119565;161222;2;Tinggi;17746,79745;139967,3773
JAWA TENGAH;Kacang Tanah;2011;94662;122306;0;Sedang;17686,47137;110767,2013
JAWA TENGAH;Kacang Tanah;2012;105679;143687;2;Tinggi;17626,14529;123685,2569
JAWA TENGAH;Kacang Tanah;2013;92454;128030;0;Sedang;17565,81921;108178,1964
JAWA TENGAH;Kacang Tanah;2014;91862;120158;0;Sedang;17505,49313;107484,0429
JAWA TENGAH;Kacang Tanah;2015;81395;109204;0;Sedang;17445,16706;95210,89339
JAWA TIMUR;Kacang Tanah;1993;156080;158958;2;Tinggi;18772,34077;182783,2801
JAWA TIMUR;Kacang Tanah;1994;148737;139405;2;Tinggi;18712,01469;174173,1973
JAWA TIMUR;Kacang Tanah;1995;150585;145104;2;Tinggi;18651,68861;176340,0818
JAWA TIMUR;Kacang Tanah;1996;151191;161448;2;Tinggi;18591,36254;177050,651
JAWA TIMUR;Kacang Tanah;1997;147095;158626;2;Tinggi;18531,03646;172247,8594
JAWA TIMUR;Kacang Tanah;1998;147427;152716;2;Tinggi;18470,71038;172637,1482
JAWA TIMUR;Kacang Tanah;1999;159504;162885;2;Tinggi;18410,3843;186798,1137
JAWA TIMUR;Kacang Tanah;2000;171265;180252;2;Tinggi;18350,05822;200588,5514
JAWA TIMUR;Kacang Tanah;2001;162857;176889;2;Tinggi;18289,73215;190729,6959
JAWA TIMUR;Kacang Tanah;2002;160342;188001;2;Tinggi;18229,40607;187780,7161
JAWA TIMUR;Kacang Tanah;2003;165277;194676;2;Tinggi;18169,07999;193567,2828
JAWA TIMUR;Kacang Tanah;2004;180082;212325;2;Tinggi;18108,75391;210926,9826
JAWA TIMUR;Kacang Tanah;2005;180107;208749;2;Tinggi;18048,42784;210956,2965
JAWA TIMUR;Kacang Tanah;2006;186302;218910;2;Tinggi;17988,10176;218220,2844
JAWA TIMUR;Kacang Tanah;2007;167324;196886;2;Tinggi;17927,77568;195967,506
JAWA TIMUR;Kacang Tanah;2008;170437;202345;2;Tinggi;17867,4496;199617,6746
JAWA TIMUR;Kacang Tanah;2009;180557;216474;2;Tinggi;17807,12352;211483,947
JAWA TIMUR;Kacang Tanah;2010;172550;207796;2;Tinggi;17746,79745;202095,2866
JAWA TIMUR;Kacang Tanah;2011;164921;211416;2;Tinggi;17686,47137;193149,8526
JAWA TIMUR;Kacang Tanah;2012;163513;213792;2;Tinggi;17626,14529;191498,893
JAWA TIMUR;Kacang Tanah;2013;150017;207971;2;Tinggi;17565,81921;175674,0696
JAWA TIMUR;Kacang Tanah;2014;139893;188491;2;Tinggi;17505,49313;163803,107
JAWA TIMUR;Kacang Tanah;2015;139544;191579;2;Tinggi;17445,16706;163393,8848
KALIMANTAN BARAT;Kacang Tanah;1993;2388;1865;1;Rendah;18772,34077;2570,717252
KALIMANTAN BARAT;Kacang Tanah;1994;2549;2219;1;Rendah;18712,01469;2759,498858
KALIMANTAN BARAT;Kacang Tanah;1995;2629;2196;1;Rendah;18651,68861;2853,303383
KALIMANTAN BARAT;Kacang Tanah;1996;2471;2235;1;Rendah;18591,36254;2668,039446
KALIMANTAN BARAT;Kacang Tanah;1997;2262;2087;1;Rendah;18531,03646;2422,975125
KALIMANTAN BARAT;Kacang Tanah;1998;1701;1586;1;Rendah;18470,71038;1765,170895
KALIMANTAN BARAT;Kacang Tanah;1999;1745;1642;1;Rendah;18410,3843;1816,763384
KALIMANTAN BARAT;Kacang Tanah;2000;1885;1923;1;Rendah;18350,05822;1980,921302
KALIMANTAN BARAT;Kacang Tanah;2001;1426;1433;1;Rendah;18289,73215;1442,717841
KALIMANTAN BARAT;Kacang Tanah;2002;2220;2385;1;Rendah;18229,40607;2373,72775
KALIMANTAN BARAT;Kacang Tanah;2003;1690;1854;1;Rendah;18169,07999;1752,272773
KALIMANTAN BARAT;Kacang Tanah;2004;1755;1992;1;Rendah;18108,75391;1828,488949
KALIMANTAN BARAT;Kacang Tanah;2005;2492;2746;1;Rendah;18048,42784;2692,663134
KALIMANTAN BARAT;Kacang Tanah;2006;2178;2397;1;Rendah;17988,10176;2324,480374
KALIMANTAN BARAT;Kacang Tanah;2007;1685;1902;1;Rendah;17927,77568;1746,40999
KALIMANTAN BARAT;Kacang Tanah;2008;1779;2012;1;Rendah;17867,4496;1856,630307
KALIMANTAN BARAT;Kacang Tanah;2009;1929;2107;1;Rendah;17807,12352;2032,513791
KALIMANTAN BARAT;Kacang Tanah;2010;1863;2125;1;Rendah;17746,79745;1955,125058
KALIMANTAN BARAT;Kacang Tanah;2011;1428;1767;1;Rendah;17686,47137;1445,062954
KALIMANTAN BARAT;Kacang Tanah;2012;1383;1663;1;Rendah;17626,14529;1392,297909
KALIMANTAN BARAT;Kacang Tanah;2013;1111;1316;1;Rendah;17565,81921;1073,362525
KALIMANTAN BARAT;Kacang Tanah;2014;1049;1249;1;Rendah;17505,49313;1000,664018
KALIMANTAN BARAT;Kacang Tanah;2015;841;945;1;Rendah;17445,16706;756,7722534
KALIMANTAN SELATAN;Kacang Tanah;1993;14311;12671;1;Rendah;18772,34077;16551,10912
KALIMANTAN SELATAN;Kacang Tanah;1994;14529;13595;1;Rendah;18712,01469;16806,72645
KALIMANTAN SELATAN;Kacang Tanah;1995;19254;20069;1;Rendah;18651,68861;22347,05619
KALIMANTAN SELATAN;Kacang Tanah;1996;18620;20426;1;Rendah;18591,36254;21603,65533
KALIMANTAN SELATAN;Kacang Tanah;1997;17210;19162;1;Rendah;18531,03646;19950,35058
KALIMANTAN SELATAN;Kacang Tanah;1998;18145;20943;1;Rendah;18470,71038;21046,69097
KALIMANTAN SELATAN;Kacang Tanah;1999;15127;17180;1;Rendah;18410,3843;17507,91527
KALIMANTAN SELATAN;Kacang Tanah;2000;15969;16981;1;Rendah;18350,05822;18495,20789
KALIMANTAN SELATAN;Kacang Tanah;2001;15033;16686;1;Rendah;18289,73215;17397,69495
KALIMANTAN SELATAN;Kacang Tanah;2002;13835;16884;1;Rendah;18229,40607;15992,97219
KALIMANTAN SELATAN;Kacang Tanah;2003;13195;16455;1;Rendah;18169,07999;15242,536
KALIMANTAN SELATAN;Kacang Tanah;2004;14267;16440;1;Rendah;18108,75391;16499,51663
KALIMANTAN SELATAN;Kacang Tanah;2005;14598;16735;1;Rendah;18048,42784;16887,63285
KALIMANTAN SELATAN;Kacang Tanah;2006;13900;15759;1;Rendah;17988,10176;16069,18837
KALIMANTAN SELATAN;Kacang Tanah;2007;15843;18214;1;Rendah;17927,77568;18347,46577
KALIMANTAN SELATAN;Kacang Tanah;2008;14161;16476;1;Rendah;17867,4496;16375,22563
KALIMANTAN SELATAN;Kacang Tanah;2009;13051;15221;1;Rendah;17807,12352;15073,68785
KALIMANTAN SELATAN;Kacang Tanah;2010;12270;14445;1;Rendah;17746,79745;14157,92118
KALIMANTAN SELATAN;Kacang Tanah;2011;10073;12181;1;Rendah;17686,47137;11581,81442
KALIMANTAN SELATAN;Kacang Tanah;2012;10162;12377;1;Rendah;17626,14529;11686,17195
KALIMANTAN SELATAN;Kacang Tanah;2013;9148;11238;1;Rendah;17565,81921;10497,1996
KALIMANTAN SELATAN;Kacang Tanah;2014;9744;11835;1;Rendah;17505,49313;11196,04331
KALIMANTAN SELATAN;Kacang Tanah;2015;7413;9121;1;Rendah;17445,16706;8462,813966
KALIMANTAN TENGAH;Kacang Tanah;1993;994;1105;1;Rendah;18772,34077;936,1734071
KALIMANTAN TENGAH;Kacang Tanah;1994;1070;1001;1;Rendah;18712,01469;1025,287706
KALIMANTAN TENGAH;Kacang Tanah;1995;1367;1587;1;Rendah;18651,68861;1373,537004
KALIMANTAN TENGAH;Kacang Tanah;1996;1371;1238;1;Rendah;18591,36254;1378,22723
KALIMANTAN TENGAH;Kacang Tanah;1997;1807;1680;1;Rendah;18531,03646;1889,46189
KALIMANTAN TENGAH;Kacang Tanah;1998;2035;2048;1;Rendah;18470,71038;2156,804786
KALIMANTAN TENGAH;Kacang Tanah;1999;2069;2246;1;Rendah;18410,3843;2196,671709
KALIMANTAN TENGAH;Kacang Tanah;2000;2847;2979;1;Rendah;18350,05822;3108,920713
KALIMANTAN TENGAH;Kacang Tanah;2001;1869;1943;1;Rendah;18289,73215;1962,160397
KALIMANTAN TENGAH;Kacang Tanah;2002;1454;1574;1;Rendah;18229,40607;1475,549425
KALIMANTAN TENGAH;Kacang Tanah;2003;1833;1989;1;Rendah;18169,07999;1919,948361
KALIMANTAN TENGAH;Kacang Tanah;2004;2197;2409;1;Rendah;18108,75391;2346,758949
KALIMANTAN TENGAH;Kacang Tanah;2005;1382;1506;1;Rendah;18048,42784;1391,125352
KALIMANTAN TENGAH;Kacang Tanah;2006;1863;2050;1;Rendah;17988,10176;1955,125058
KALIMANTAN TENGAH;Kacang Tanah;2007;1537;1690;1;Rendah;17927,77568;1572,871619
KALIMANTAN TENGAH;Kacang Tanah;2008;1282;1417;1;Rendah;17867,4496;1273,869696
KALIMANTAN TENGAH;Kacang Tanah;2009;1225;1365;1;Rendah;17807,12352;1207,033972
KALIMANTAN TENGAH;Kacang Tanah;2010;924;1032;1;Rendah;17746,79745;854,0944479
KALIMANTAN TENGAH;Kacang Tanah;2011;689;772;1;Rendah;17686,47137;578,5436563
KALIMANTAN TENGAH;Kacang Tanah;2012;687;771;1;Rendah;17626,14529;576,1985432
KALIMANTAN TENGAH;Kacang Tanah;2013;564;634;1;Rendah;17565,81921;431,9740863
KALIMANTAN TENGAH;Kacang Tanah;2014;470;529;1;Rendah;17505,49313;321,7537697
KALIMANTAN TENGAH;Kacang Tanah;2015;465;523;1;Rendah;17445,16706;315,8909869
KALIMANTAN TIMUR;Kacang Tanah;1993;3406;3330;1;Rendah;18772,34077;3764,37983
KALIMANTAN TIMUR;Kacang Tanah;1994;3321;2903;1;Rendah;18712,01469;3664,712522
KALIMANTAN TIMUR;Kacang Tanah;1995;4627;4169;1;Rendah;18651,68861;5196,07139
KALIMANTAN TIMUR;Kacang Tanah;1996;3326;3265;1;Rendah;18591,36254;3670,575305
KALIMANTAN TIMUR;Kacang Tanah;1997;2607;2761;1;Rendah;18531,03646;2827,507138
KALIMANTAN TIMUR;Kacang Tanah;1998;2546;2627;1;Rendah;18470,71038;2755,981188
KALIMANTAN TIMUR;Kacang Tanah;1999;3635;3556;1;Rendah;18410,3843;4032,895282
KALIMANTAN TIMUR;Kacang Tanah;2000;2360;2356;1;Rendah;18350,05822;2537,885668
KALIMANTAN TIMUR;Kacang Tanah;2001;2364;2400;1;Rendah;18289,73215;2542,575894
KALIMANTAN TIMUR;Kacang Tanah;2002;2816;2805;1;Rendah;18229,40607;3072,571459
KALIMANTAN TIMUR;Kacang Tanah;2003;2355;2352;1;Rendah;18169,07999;2532,022885
KALIMANTAN TIMUR;Kacang Tanah;2004;2341;2507;1;Rendah;18108,75391;2515,607093
KALIMANTAN TIMUR;Kacang Tanah;2005;2098;2268;1;Rendah;18048,42784;2230,675849
KALIMANTAN TIMUR;Kacang Tanah;2006;1966;2223;1;Rendah;17988,10176;2075,898383
KALIMANTAN TIMUR;Kacang Tanah;2007;2161;2425;1;Rendah;17927,77568;2304,546913
KALIMANTAN TIMUR;Kacang Tanah;2008;2223;2465;1;Rendah;17867,4496;2377,245419
KALIMANTAN TIMUR;Kacang Tanah;2009;2294;2547;1;Rendah;17807,12352;2460,496935
KALIMANTAN TIMUR;Kacang Tanah;2010;2091;2468;1;Rendah;17746,79745;2222,467953
KALIMANTAN TIMUR;Kacang Tanah;2011;1514;1817;1;Rendah;17686,47137;1545,902818
KALIMANTAN TIMUR;Kacang Tanah;2012;1479;1809;1;Rendah;17626,14529;1504,863339
KALIMANTAN TIMUR;Kacang Tanah;2013;1105;1451;1;Rendah;17565,81921;1066,327185
KALIMANTAN TIMUR;Kacang Tanah;2014;1189;1520;1;Rendah;17505,49313;1164,821936
KALIMANTAN TIMUR;Kacang Tanah;2015;882;1127;1;Rendah;17445,16706;804,8470724
KALIMANTAN UTARA;Kacang Tanah;1993;0;0;1;Rendah;18772,34077;-229,3478136
KALIMANTAN UTARA;Kacang Tanah;1994;0;0;1;Rendah;18712,01469;-229,3478136
KALIMANTAN UTARA;Kacang Tanah;1995;0;0;1;Rendah;18651,68861;-229,3478136
KALIMANTAN UTARA;Kacang Tanah;1996;0;0;1;Rendah;18591,36254;-229,3478136
KALIMANTAN UTARA;Kacang Tanah;1997;0;0;1;Rendah;18531,03646;-229,3478136
KALIMANTAN UTARA;Kacang Tanah;1998;0;0;1;Rendah;18470,71038;-229,3478136
KALIMANTAN UTARA;Kacang Tanah;1999;0;0;1;Rendah;18410,3843;-229,3478136
KALIMANTAN UTARA;Kacang Tanah;2000;0;0;1;Rendah;18350,05822;-229,3478136
KALIMANTAN UTARA;Kacang Tanah;2001;0;0;1;Rendah;18289,73215;-229,3478136
KALIMANTAN UTARA;Kacang Tanah;2002;0;0;1;Rendah;18229,40607;-229,3478136
KALIMANTAN UTARA;Kacang Tanah;2003;0;0;1;Rendah;18169,07999;-229,3478136
KALIMANTAN UTARA;Kacang Tanah;2004;0;0;1;Rendah;18108,75391;-229,3478136
KALIMANTAN UTARA;Kacang Tanah;2005;0;0;1;Rendah;18048,42784;-229,3478136
KALIMANTAN UTARA;Kacang Tanah;2006;0;0;1;Rendah;17988,10176;-229,3478136
KALIMANTAN UTARA;Kacang Tanah;2007;0;0;1;Rendah;17927,77568;-229,3478136
KALIMANTAN UTARA;Kacang Tanah;2008;0;0;1;Rendah;17867,4496;-229,3478136
KALIMANTAN UTARA;Kacang Tanah;2009;0;0;1;Rendah;17807,12352;-229,3478136
KALIMANTAN UTARA;Kacang Tanah;2010;0;0;1;Rendah;17746,79745;-229,3478136
KALIMANTAN UTARA;Kacang Tanah;2011;0;0;1;Rendah;17686,47137;-229,3478136
KALIMANTAN UTARA;Kacang Tanah;2012;0;0;1;Rendah;17626,14529;-229,3478136
KALIMANTAN UTARA;Kacang Tanah;2013;225;234;1;Rendah;17565,81921;34,47741245
KALIMANTAN UTARA;Kacang Tanah;2014;241;249;1;Rendah;17505,49313;53,23831741
KALIMANTAN UTARA;Kacang Tanah;2015;233;257;1;Rendah;17445,16706;43,85786493
KEP. BANGKA BELITUNG;Kacang Tanah;1993;0;0;1;Rendah;18772,34077;-229,3478136
KEP. BANGKA BELITUNG;Kacang Tanah;1994;0;0;1;Rendah;18712,01469;-229,3478136
KEP. BANGKA BELITUNG;Kacang Tanah;1995;0;0;1;Rendah;18651,68861;-229,3478136
KEP. BANGKA BELITUNG;Kacang Tanah;1996;0;0;1;Rendah;18591,36254;-229,3478136
KEP. BANGKA BELITUNG;Kacang Tanah;1997;0;0;1;Rendah;18531,03646;-229,3478136
KEP. BANGKA BELITUNG;Kacang Tanah;1998;0;0;1;Rendah;18470,71038;-229,3478136
KEP. BANGKA BELITUNG;Kacang Tanah;1999;0;0;1;Rendah;18410,3843;-229,3478136
KEP. BANGKA BELITUNG;Kacang Tanah;2000;0;0;1;Rendah;18350,05822;-229,3478136
KEP. BANGKA BELITUNG;Kacang Tanah;2001;313;333;1;Rendah;18289,73215;137,6623897
KEP. BANGKA BELITUNG;Kacang Tanah;2002;274;286;1;Rendah;18229,40607;91,93268389
KEP. BANGKA BELITUNG;Kacang Tanah;2003;320;312;1;Rendah;18169,07999;145,8702857
KEP. BANGKA BELITUNG;Kacang Tanah;2004;716;702;1;Rendah;18108,75391;610,2026834
KEP. BANGKA BELITUNG;Kacang Tanah;2005;429;395;1;Rendah;18048,42784;273,6789507
KEP. BANGKA BELITUNG;Kacang Tanah;2006;558;525;1;Rendah;17988,10176;424,9387469
KEP. BANGKA BELITUNG;Kacang Tanah;2007;612;568;1;Rendah;17927,77568;488,2568012
KEP. BANGKA BELITUNG;Kacang Tanah;2008;463;422;1;Rendah;17867,4496;313,5458737
KEP. BANGKA BELITUNG;Kacang Tanah;2009;405;387;1;Rendah;17807,12352;245,5375933
KEP. BANGKA BELITUNG;Kacang Tanah;2010;360;358;1;Rendah;17746,79745;192,7725481
KEP. BANGKA BELITUNG;Kacang Tanah;2011;342;339;1;Rendah;17686,47137;171,66653
KEP. BANGKA BELITUNG;Kacang Tanah;2012;325;325;1;Rendah;17626,14529;151,7330685
KEP. BANGKA BELITUNG;Kacang Tanah;2013;341;357;1;Rendah;17565,81921;170,4939734
KEP. BANGKA BELITUNG;Kacang Tanah;2014;206;224;1;Rendah;17505,49313;12,19883781
KEP. BANGKA BELITUNG;Kacang Tanah;2015;148;144;1;Rendah;17445,16706;-55,80944267
KEP. RIAU;Kacang Tanah;1993;0;0;1;Rendah;18772,34077;-229,3478136
KEP. RIAU;Kacang Tanah;1994;0;0;1;Rendah;18712,01469;-229,3478136
KEP. RIAU;Kacang Tanah;1995;0;0;1;Rendah;18651,68861;-229,3478136
KEP. RIAU;Kacang Tanah;1996;0;0;1;Rendah;18591,36254;-229,3478136
KEP. RIAU;Kacang Tanah;1997;0;0;1;Rendah;18531,03646;-229,3478136
KEP. RIAU;Kacang Tanah;1998;0;0;1;Rendah;18470,71038;-229,3478136
KEP. RIAU;Kacang Tanah;1999;0;0;1;Rendah;18410,3843;-229,3478136
KEP. RIAU;Kacang Tanah;2000;0;0;1;Rendah;18350,05822;-229,3478136
KEP. RIAU;Kacang Tanah;2001;0;0;1;Rendah;18289,73215;-229,3478136
KEP. RIAU;Kacang Tanah;2002;0;0;1;Rendah;18229,40607;-229,3478136
KEP. RIAU;Kacang Tanah;2003;0;0;1;Rendah;18169,07999;-229,3478136
KEP. RIAU;Kacang Tanah;2004;0;0;1;Rendah;18108,75391;-229,3478136
KEP. RIAU;Kacang Tanah;2005;117;105;1;Rendah;18048,42784;-92,15869603
KEP. RIAU;Kacang Tanah;2006;67;60;1;Rendah;17988,10176;-150,786524
KEP. RIAU;Kacang Tanah;2007;71;63;1;Rendah;17927,77568;-146,0962978
KEP. RIAU;Kacang Tanah;2008;102;94;1;Rendah;17867,4496;-109,7470444
KEP. RIAU;Kacang Tanah;2009;113;104;1;Rendah;17807,12352;-96,84892227
KEP. RIAU;Kacang Tanah;2010;156;144;1;Rendah;17746,79745;-46,42899019
KEP. RIAU;Kacang Tanah;2011;155;143;1;Rendah;17686,47137;-47,60154675
KEP. RIAU;Kacang Tanah;2012;174;164;1;Rendah;17626,14529;-25,32297211
KEP. RIAU;Kacang Tanah;2013;169;168;1;Rendah;17565,81921;-31,18575491
KEP. RIAU;Kacang Tanah;2014;155;155;1;Rendah;17505,49313;-47,60154675
KEP. RIAU;Kacang Tanah;2015;153;153;1;Rendah;17445,16706;-49,94665987
LAMPUNG;Kacang Tanah;1993;10820;12123;1;Rendah;18772,34077;12457,71417
LAMPUNG;Kacang Tanah;1994;9801;10294;1;Rendah;18712,01469;11262,87903
LAMPUNG;Kacang Tanah;1995;16947;20470;1;Rendah;18651,68861;19641,96821
LAMPUNG;Kacang Tanah;1996;14524;16314;1;Rendah;18591,36254;16800,86366
LAMPUNG;Kacang Tanah;1997;8542;10061;1;Rendah;18531,03646;9786,630322
LAMPUNG;Kacang Tanah;1998;12390;13007;1;Rendah;18470,71038;14298,62796
LAMPUNG;Kacang Tanah;1999;6956;7467;1;Rendah;18410,3843;7926,955618
LAMPUNG;Kacang Tanah;2000;9163;9532;1;Rendah;18350,05822;10514,78795
LAMPUNG;Kacang Tanah;2001;12250;14022;1;Rendah;18289,73215;14134,47005
LAMPUNG;Kacang Tanah;2002;8414;9331;1;Rendah;18229,40607;9636,543082
LAMPUNG;Kacang Tanah;2003;10921;12032;1;Rendah;18169,07999;12576,14238
LAMPUNG;Kacang Tanah;2004;10464;11423;1;Rendah;18108,75391;12040,28403
LAMPUNG;Kacang Tanah;2005;10857;11634;1;Rendah;18048,42784;12501,09876
LAMPUNG;Kacang Tanah;2006;10127;11888;1;Rendah;17988,10176;11645,13247
LAMPUNG;Kacang Tanah;2007;10698;12756;1;Rendah;17927,77568;12314,66227
LAMPUNG;Kacang Tanah;2008;10316;13088;1;Rendah;17867,4496;11866,74566
LAMPUNG;Kacang Tanah;2009;8667;11090;1;Rendah;17807,12352;9933,199892
LAMPUNG;Kacang Tanah;2010;13967;17617;1;Rendah;17746,79745;16147,74966
LAMPUNG;Kacang Tanah;2011;10148;12911;1;Rendah;17686,47137;11669,75616
LAMPUNG;Kacang Tanah;2012;8420;10694;1;Rendah;17626,14529;9643,578422
LAMPUNG;Kacang Tanah;2013;8305;10676;1;Rendah;17565,81921;9508,734417
LAMPUNG;Kacang Tanah;2014;7651;9951;1;Rendah;17505,49313;8741,882427
LAMPUNG;Kacang Tanah;2015;3764;4963;1;Rendah;17445,16706;4184,155078
MALUKU;Kacang Tanah;1993;5037;5677;1;Rendah;18772,34077;5676,819579
MALUKU;Kacang Tanah;1994;3832;4250;1;Rendah;18712,01469;4263,888924
MALUKU;Kacang Tanah;1995;3838;4425;1;Rendah;18651,68861;4270,924264
MALUKU;Kacang Tanah;1996;2697;3037;1;Rendah;18591,36254;2933,037229
MALUKU;Kacang Tanah;1997;2717;3005;1;Rendah;18531,03646;2956,48836
MALUKU;Kacang Tanah;1998;2117;2251;1;Rendah;18470,71038;2252,954424
MALUKU;Kacang Tanah;1999;3220;3491;1;Rendah;18410,3843;3546,28431
MALUKU;Kacang Tanah;2000;1958;2197;1;Rendah;18350,05822;2066,517931
MALUKU;Kacang Tanah;2001;2404;2681;1;Rendah;18289,73215;2589,478157
MALUKU;Kacang Tanah;2002;972;1117;1;Rendah;18229,40607;910,3771628
MALUKU;Kacang Tanah;2003;1360;1492;1;Rendah;18169,07999;1365,329108
MALUKU;Kacang Tanah;2004;1665;1876;1;Rendah;18108,75391;1722,958859
MALUKU;Kacang Tanah;2005;2158;2508;1;Rendah;18048,42784;2301,029243
MALUKU;Kacang Tanah;2006;2445;2902;1;Rendah;17988,10176;2637,552976
MALUKU;Kacang Tanah;2007;2562;3061;1;Rendah;17927,77568;2774,742093
MALUKU;Kacang Tanah;2008;2573;3077;1;Rendah;17867,4496;2787,640215
MALUKU;Kacang Tanah;2009;2618;3133;1;Rendah;17807,12352;2840,405261
MALUKU;Kacang Tanah;2010;2454;2950;1;Rendah;17746,79745;2648,105985
MALUKU;Kacang Tanah;2011;2222;2839;1;Rendah;17686,47137;2376,072863
MALUKU;Kacang Tanah;2012;1529;1941;1;Rendah;17626,14529;1563,491167
MALUKU;Kacang Tanah;2013;1264;1426;1;Rendah;17565,81921;1252,763678
MALUKU;Kacang Tanah;2014;1149;1222;1;Rendah;17505,49313;1117,919674
MALUKU;Kacang Tanah;2015;922;801;1;Rendah;17445,16706;851,7493348
MALUKU UTARA;Kacang Tanah;1993;0;0;1;Rendah;18772,34077;-229,3478136
MALUKU UTARA;Kacang Tanah;1994;0;0;1;Rendah;18712,01469;-229,3478136
MALUKU UTARA;Kacang Tanah;1995;0;0;1;Rendah;18651,68861;-229,3478136
MALUKU UTARA;Kacang Tanah;1996;0;0;1;Rendah;18591,36254;-229,3478136
MALUKU UTARA;Kacang Tanah;1997;0;0;1;Rendah;18531,03646;-229,3478136
MALUKU UTARA;Kacang Tanah;1998;0;0;1;Rendah;18470,71038;-229,3478136
MALUKU UTARA;Kacang Tanah;1999;0;0;1;Rendah;18410,3843;-229,3478136
MALUKU UTARA;Kacang Tanah;2000;0;0;1;Rendah;18350,05822;-229,3478136
MALUKU UTARA;Kacang Tanah;2001;0;0;1;Rendah;18289,73215;-229,3478136
MALUKU UTARA;Kacang Tanah;2002;0;0;1;Rendah;18229,40607;-229,3478136
MALUKU UTARA;Kacang Tanah;2003;1547;1748;1;Rendah;18169,07999;1584,597185
MALUKU UTARA;Kacang Tanah;2004;2786;3263;1;Rendah;18108,75391;3037,394763
MALUKU UTARA;Kacang Tanah;2005;4271;4976;1;Rendah;18048,42784;4778,641254
MALUKU UTARA;Kacang Tanah;2006;4970;5750;1;Rendah;17988,10176;5598,25829
MALUKU UTARA;Kacang Tanah;2007;5374;6186;1;Rendah;17927,77568;6071,97114
MALUKU UTARA;Kacang Tanah;2008;4305;4951;1;Rendah;17867,4496;4818,508177
MALUKU UTARA;Kacang Tanah;2009;2766;3181;1;Rendah;17807,12352;3013,943631
MALUKU UTARA;Kacang Tanah;2010;3682;4235;1;Rendah;17746,79745;4088,00544
MALUKU UTARA;Kacang Tanah;2011;4430;5095;1;Rendah;17686,47137;4965,077747
MALUKU UTARA;Kacang Tanah;2012;4824;5745;1;Rendah;17626,14529;5427,065032
MALUKU UTARA;Kacang Tanah;2013;4069;4755;1;Rendah;17565,81921;4541,784829
MALUKU UTARA;Kacang Tanah;2014;2871;3136;1;Rendah;17505,49313;3137,06207
MALUKU UTARA;Kacang Tanah;2015;2273;2267;1;Rendah;17445,16706;2435,873247
NUSA TENGGARA BARAT;Kacang Tanah;1993;19920;22153;1;Rendah;18772,34077;23127,97886
NUSA TENGGARA BARAT;Kacang Tanah;1994;22553;24077;1;Rendah;18712,01469;26215,32028
NUSA TENGGARA BARAT;Kacang Tanah;1995;24540;25709;1;Rendah;18651,68861;28545,19017
NUSA TENGGARA BARAT;Kacang Tanah;1996;24722;26257;1;Rendah;18591,36254;28758,59546
NUSA TENGGARA BARAT;Kacang Tanah;1997;23327;25376;1;Rendah;18531,03646;27122,87906
NUSA TENGGARA BARAT;Kacang Tanah;1998;22175;23941;1;Rendah;18470,71038;25772,0939
NUSA TENGGARA BARAT;Kacang Tanah;1999;21880;23690;1;Rendah;18410,3843;25426,18972
NUSA TENGGARA BARAT;Kacang Tanah;2000;24605;27515;1;Rendah;18350,05822;28621,40635
NUSA TENGGARA BARAT;Kacang Tanah;2001;27350;30595;1;Rendah;18289,73215;31840,0741
NUSA TENGGARA BARAT;Kacang Tanah;2002;28175;32225;1;Rendah;18229,40607;32807,43326
NUSA TENGGARA BARAT;Kacang Tanah;2003;34039;40489;0;Sedang;18169,07999;39683,30493
NUSA TENGGARA BARAT;Kacang Tanah;2004;41020;49226;0;Sedang;18108,75391;47868,92228
NUSA TENGGARA BARAT;Kacang Tanah;2005;35214;43397;0;Sedang;18048,42784;41061,05889
NUSA TENGGARA BARAT;Kacang Tanah;2006;34860;43955;0;Sedang;17988,10176;40645,97387
NUSA TENGGARA BARAT;Kacang Tanah;2007;25488;32913;1;Rendah;17927,77568;29656,77379
NUSA TENGGARA BARAT;Kacang Tanah;2008;25541;32348;1;Rendah;17867,4496;29718,91929
NUSA TENGGARA BARAT;Kacang Tanah;2009;28750;38615;1;Rendah;17807,12352;33481,65329
NUSA TENGGARA BARAT;Kacang Tanah;2010;25044;33666;1;Rendah;17746,79745;29136,15868
NUSA TENGGARA BARAT;Kacang Tanah;2011;26319;37965;1;Rendah;17686,47137;30631,16829
NUSA TENGGARA BARAT;Kacang Tanah;2012;25508;38890;1;Rendah;17626,14529;29680,22492
NUSA TENGGARA BARAT;Kacang Tanah;2013;30772;41889;1;Rendah;17565,81921;35852,56265
NUSA TENGGARA BARAT;Kacang Tanah;2014;26458;34284;1;Rendah;17505,49313;30794,15365
NUSA TENGGARA BARAT;Kacang Tanah;2015;20249;31142;1;Rendah;17445,16706;23513,74997
NUSA TENGGARA TIMUR;Kacang Tanah;1993;7424;6284;1;Rendah;18772,34077;8475,712088
NUSA TENGGARA TIMUR;Kacang Tanah;1994;9805;6180;1;Rendah;18712,01469;11267,56926
NUSA TENGGARA TIMUR;Kacang Tanah;1995;10543;8938;1;Rendah;18651,68861;12132,916
NUSA TENGGARA TIMUR;Kacang Tanah;1996;10914;10164;1;Rendah;18591,36254;12567,93448
NUSA TENGGARA TIMUR;Kacang Tanah;1997;10685;10054;1;Rendah;18531,03646;12299,41903
NUSA TENGGARA TIMUR;Kacang Tanah;1998;9980;9797;1;Rendah;18470,71038;11472,76666
NUSA TENGGARA TIMUR;Kacang Tanah;1999;12220;11848;1;Rendah;18410,3843;14099,29335
NUSA TENGGARA TIMUR;Kacang Tanah;2000;15317;15009;1;Rendah;18350,05822;17730,70102
NUSA TENGGARA TIMUR;Kacang Tanah;2001;11677;11304;1;Rendah;18289,73215;13462,59514
NUSA TENGGARA TIMUR;Kacang Tanah;2002;12909;13615;1;Rendah;18229,40607;14907,18482
NUSA TENGGARA TIMUR;Kacang Tanah;2003;13040;13637;1;Rendah;18169,07999;15060,78973
NUSA TENGGARA TIMUR;Kacang Tanah;2004;17225;17680;1;Rendah;18108,75391;19967,93893
NUSA TENGGARA TIMUR;Kacang Tanah;2005;14374;14519;1;Rendah;18048,42784;16624,98018
NUSA TENGGARA TIMUR;Kacang Tanah;2006;17356;17831;1;Rendah;17988,10176;20121,54384
NUSA TENGGARA TIMUR;Kacang Tanah;2007;18517;21353;1;Rendah;17927,77568;21482,88201
NUSA TENGGARA TIMUR;Kacang Tanah;2008;21894;25678;1;Rendah;17867,4496;25442,60551
NUSA TENGGARA TIMUR;Kacang Tanah;2009;18396;22465;1;Rendah;17807,12352;21341,00266
NUSA TENGGARA TIMUR;Kacang Tanah;2010;16574;20069;1;Rendah;17746,79745;19204,60461
NUSA TENGGARA TIMUR;Kacang Tanah;2011;19395;23685;1;Rendah;17686,47137;22512,38667
NUSA TENGGARA TIMUR;Kacang Tanah;2012;19694;21563;1;Rendah;17626,14529;22862,98108
NUSA TENGGARA TIMUR;Kacang Tanah;2013;13880;16056;1;Rendah;17565,81921;16045,73724
NUSA TENGGARA TIMUR;Kacang Tanah;2014;14046;14886;1;Rendah;17505,49313;16240,38163
NUSA TENGGARA TIMUR;Kacang Tanah;2015;12231;10620;1;Rendah;17445,16706;14112,19147
PAPUA;Kacang Tanah;1993;3528;3304;1;Rendah;18772,34077;3907,43173
PAPUA;Kacang Tanah;1994;3225;2980;1;Rendah;18712,01469;3552,147092
PAPUA;Kacang Tanah;1995;4334;3717;1;Rendah;18651,68861;4852,512317
PAPUA;Kacang Tanah;1996;3756;3217;1;Rendah;18591,36254;4174,774626
PAPUA;Kacang Tanah;1997;3506;3191;1;Rendah;18531,03646;3881,635486
PAPUA;Kacang Tanah;1998;4064;3627;1;Rendah;18470,71038;4535,922046
PAPUA;Kacang Tanah;1999;3797;3353;1;Rendah;18410,3843;4222,849445
PAPUA;Kacang Tanah;2000;8364;7310;1;Rendah;18350,05822;9577,915254
PAPUA;Kacang Tanah;2001;8283;7405;1;Rendah;18289,73215;9482,938173
PAPUA;Kacang Tanah;2002;3218;3374;1;Rendah;18229,40607;3543,939197
PAPUA;Kacang Tanah;2003;2391;2170;1;Rendah;18169,07999;2574,234921
PAPUA;Kacang Tanah;2004;3020;3004;1;Rendah;18108,75391;3311,772998
PAPUA;Kacang Tanah;2005;2583;2612;1;Rendah;18048,42784;2799,365781
PAPUA;Kacang Tanah;2006;2559;2645;1;Rendah;17988,10176;2771,224423
PAPUA;Kacang Tanah;2007;2745;2845;1;Rendah;17927,77568;2989,319944
PAPUA;Kacang Tanah;2008;2796;2851;1;Rendah;17867,4496;3049,120328
PAPUA;Kacang Tanah;2009;2408;2464;1;Rendah;17807,12352;2594,168383
PAPUA;Kacang Tanah;2010;2437;2541;1;Rendah;17746,79745;2628,172523
PAPUA;Kacang Tanah;2011;1979;2105;1;Rendah;17686,47137;2091,141619
PAPUA;Kacang Tanah;2012;1990;2094;1;Rendah;17626,14529;2104,039741
PAPUA;Kacang Tanah;2013;1951;2044;1;Rendah;17565,81921;2058,310035
PAPUA;Kacang Tanah;2014;1900;1960;1;Rendah;17505,49313;1998,50965
PAPUA;Kacang Tanah;2015;2268;2497;1;Rendah;17445,16706;2430,010465
PAPUA BARAT;Kacang Tanah;1993;0;0;1;Rendah;18772,34077;-229,3478136
PAPUA BARAT;Kacang Tanah;1994;0;0;1;Rendah;18712,01469;-229,3478136
PAPUA BARAT;Kacang Tanah;1995;0;0;1;Rendah;18651,68861;-229,3478136
PAPUA BARAT;Kacang Tanah;1996;0;0;1;Rendah;18591,36254;-229,3478136
PAPUA BARAT;Kacang Tanah;1997;0;0;1;Rendah;18531,03646;-229,3478136
PAPUA BARAT;Kacang Tanah;1998;0;0;1;Rendah;18470,71038;-229,3478136
PAPUA BARAT;Kacang Tanah;1999;0;0;1;Rendah;18410,3843;-229,3478136
PAPUA BARAT;Kacang Tanah;2000;0;0;1;Rendah;18350,05822;-229,3478136
PAPUA BARAT;Kacang Tanah;2001;0;0;1;Rendah;18289,73215;-229,3478136
PAPUA BARAT;Kacang Tanah;2002;0;0;1;Rendah;18229,40607;-229,3478136
PAPUA BARAT;Kacang Tanah;2003;0;0;1;Rendah;18169,07999;-229,3478136
PAPUA BARAT;Kacang Tanah;2004;0;0;1;Rendah;18108,75391;-229,3478136
PAPUA BARAT;Kacang Tanah;2005;2093;2131;1;Rendah;18048,42784;2224,813067
PAPUA BARAT;Kacang Tanah;2006;1919;1936;1;Rendah;17988,10176;2020,788225
PAPUA BARAT;Kacang Tanah;2007;1725;1762;1;Rendah;17927,77568;1793,312252
PAPUA BARAT;Kacang Tanah;2008;958;978;1;Rendah;17867,4496;893,9613709
PAPUA BARAT;Kacang Tanah;2009;729;751;1;Rendah;17807,12352;625,4459187
PAPUA BARAT;Kacang Tanah;2010;540;568;1;Rendah;17746,79745;403,8327289
PAPUA BARAT;Kacang Tanah;2011;596;626;1;Rendah;17686,47137;469,4958962
PAPUA BARAT;Kacang Tanah;2012;445;487;1;Rendah;17626,14529;292,4398557
PAPUA BARAT;Kacang Tanah;2013;600;649;1;Rendah;17565,81921;474,1861225
PAPUA BARAT;Kacang Tanah;2014;589;641;1;Rendah;17505,49313;461,2880003
PAPUA BARAT;Kacang Tanah;2015;594;653;1;Rendah;17445,16706;467,1507831
RIAU;Kacang Tanah;1993;3656;3799;1;Rendah;18772,34077;4057,51897
RIAU;Kacang Tanah;1994;5030;4556;1;Rendah;18712,01469;5668,611683
RIAU;Kacang Tanah;1995;4579;4354;1;Rendah;18651,68861;5139,788675
RIAU;Kacang Tanah;1996;4127;3820;1;Rendah;18591,36254;4609,79311
RIAU;Kacang Tanah;1997;3246;3144;1;Rendah;18531,03646;3576,77078
RIAU;Kacang Tanah;1998;4656;4366;1;Rendah;18470,71038;5230,07553
RIAU;Kacang Tanah;1999;4737;4089;1;Rendah;18410,3843;5325,052611
RIAU;Kacang Tanah;2000;4159;3882;1;Rendah;18350,05822;4647,314919
RIAU;Kacang Tanah;2001;3482;3180;1;Rendah;18289,73215;3853,494128
RIAU;Kacang Tanah;2002;4493;4142;1;Rendah;18229,40607;5038,948811
RIAU;Kacang Tanah;2003;3642;3363;1;Rendah;18169,07999;4041,103178
RIAU;Kacang Tanah;2004;3554;3349;1;Rendah;18108,75391;3937,918201
RIAU;Kacang Tanah;2005;3749;3526;1;Rendah;18048,42784;4166,56673
RIAU;Kacang Tanah;2006;3619;3387;1;Rendah;17988,10176;4014,134377
RIAU;Kacang Tanah;2007;3475;3225;1;Rendah;17927,77568;3845,286232
RIAU;Kacang Tanah;2008;2412;2240;1;Rendah;17867,4496;2598,858609
RIAU;Kacang Tanah;2009;2023;2020;1;Rendah;17807,12352;2142,734107
RIAU;Kacang Tanah;2010;2188;2007;1;Rendah;17746,79745;2336,20594
RIAU;Kacang Tanah;2011;1819;1692;1;Rendah;17686,47137;1903,532569
RIAU;Kacang Tanah;2012;1723;1622;1;Rendah;17626,14529;1790,967139
RIAU;Kacang Tanah;2013;1325;1243;1;Rendah;17565,81921;1324,289628
RIAU;Kacang Tanah;2014;1194;1134;1;Rendah;17505,49313;1170,684719
RIAU;Kacang Tanah;2015;1081;1036;1;Rendah;17445,16706;1038,185828
SULAWESI BARAT;Kacang Tanah;1993;0;0;1;Rendah;18772,34077;-229,3478136
SULAWESI BARAT;Kacang Tanah;1994;0;0;1;Rendah;18712,01469;-229,3478136
SULAWESI BARAT;Kacang Tanah;1995;0;0;1;Rendah;18651,68861;-229,3478136
SULAWESI BARAT;Kacang Tanah;1996;0;0;1;Rendah;18591,36254;-229,3478136
SULAWESI BARAT;Kacang Tanah;1997;0;0;1;Rendah;18531,03646;-229,3478136
SULAWESI BARAT;Kacang Tanah;1998;0;0;1;Rendah;18470,71038;-229,3478136
SULAWESI BARAT;Kacang Tanah;1999;0;0;1;Rendah;18410,3843;-229,3478136
SULAWESI BARAT;Kacang Tanah;2000;0;0;1;Rendah;18350,05822;-229,3478136
SULAWESI BARAT;Kacang Tanah;2001;0;0;1;Rendah;18289,73215;-229,3478136
SULAWESI BARAT;Kacang Tanah;2002;0;0;1;Rendah;18229,40607;-229,3478136
SULAWESI BARAT;Kacang Tanah;2003;0;0;1;Rendah;18169,07999;-229,3478136
SULAWESI BARAT;Kacang Tanah;2004;0;0;1;Rendah;18108,75391;-229,3478136
SULAWESI BARAT;Kacang Tanah;2005;725;1035;1;Rendah;18048,42784;620,7556925
SULAWESI BARAT;Kacang Tanah;2006;395;541;1;Rendah;17988,10176;233,8120277
SULAWESI BARAT;Kacang Tanah;2007;552;777;1;Rendah;17927,77568;417,9034076
SULAWESI BARAT;Kacang Tanah;2008;528;744;1;Rendah;17867,4496;389,7620501
SULAWESI BARAT;Kacang Tanah;2009;711;1001;1;Rendah;17807,12352;604,3399006
SULAWESI BARAT;Kacang Tanah;2010;1439;2022;1;Rendah;17746,79745;1457,961076
SULAWESI BARAT;Kacang Tanah;2011;873;1230;1;Rendah;17686,47137;794,2940633
SULAWESI BARAT;Kacang Tanah;2012;741;1001;1;Rendah;17626,14529;639,5165974
SULAWESI BARAT;Kacang Tanah;2013;482;590;1;Rendah;17565,81921;335,8244484
SULAWESI BARAT;Kacang Tanah;2014;376;502;1;Rendah;17505,49313;211,533453
SULAWESI BARAT;Kacang Tanah;2015;327;329;1;Rendah;17445,16706;154,0781816
SULAWESI SELATAN;Kacang Tanah;1993;48387;49036;0;Sedang;18772,34077;56507,14646
SULAWESI SELATAN;Kacang Tanah;1994;54031;53249;0;Sedang;18712,01469;63125,05568
SULAWESI SELATAN;Kacang Tanah;1995;77837;86258;0;Sedang;18651,68861;91038,93715
SULAWESI SELATAN;Kacang Tanah;1996;54231;62977;0;Sedang;18591,36254;63359,56699
SULAWESI SELATAN;Kacang Tanah;1997;34914;41256;0;Sedang;18531,03646;40709,29192
SULAWESI SELATAN;Kacang Tanah;1998;46802;53847;0;Sedang;18470,71038;54648,64431
SULAWESI SELATAN;Kacang Tanah;1999;28913;33647;1;Rendah;18410,3843;33672,78001
SULAWESI SELATAN;Kacang Tanah;2000;41891;48156;0;Sedang;18350,05822;48890,21904
SULAWESI SELATAN;Kacang Tanah;2001;36570;42156;0;Sedang;18289,73215;42651,04559
SULAWESI SELATAN;Kacang Tanah;2002;39105;42415;0;Sedang;18229,40607;45623,47647
SULAWESI SELATAN;Kacang Tanah;2003;43385;52763;0;Sedang;18169,07999;50642,01854
SULAWESI SELATAN;Kacang Tanah;2004;36726;41191;0;Sedang;18108,75391;42833,96441
SULAWESI SELATAN;Kacang Tanah;2005;36043;39092;0;Sedang;18048,42784;42033,10828
SULAWESI SELATAN;Kacang Tanah;2006;36776;41759;0;Sedang;17988,10176;42892,59224
SULAWESI SELATAN;Kacang Tanah;2007;34011;39740;0;Sedang;17927,77568;39650,47335
SULAWESI SELATAN;Kacang Tanah;2008;30690;36269;1;Rendah;17867,4496;35756,41301
SULAWESI SELATAN;Kacang Tanah;2009;25785;32331;1;Rendah;17807,12352;30005,02309
SULAWESI SELATAN;Kacang Tanah;2010;30528;41898;1;Rendah;17746,79745;35566,45885
SULAWESI SELATAN;Kacang Tanah;2011;15192;24808;1;Rendah;17686,47137;17584,13145
SULAWESI SELATAN;Kacang Tanah;2012;23351;27402;1;Rendah;17626,14529;27151,02042
SULAWESI SELATAN;Kacang Tanah;2013;18812;28408;1;Rendah;17565,81921;21828,78619
SULAWESI SELATAN;Kacang Tanah;2014;24459;34464;1;Rendah;17505,49313;28450,21309
SULAWESI SELATAN;Kacang Tanah;2015;19203;19024;1;Rendah;17445,16706;22287,25581
SULAWESI TENGAH;Kacang Tanah;1993;5029;4289;1;Rendah;18772,34077;5667,439127
SULAWESI TENGAH;Kacang Tanah;1994;7781;6547;1;Rendah;18712,01469;8894,31478
SULAWESI TENGAH;Kacang Tanah;1995;7590;6444;1;Rendah;18651,68861;8670,356477
SULAWESI TENGAH;Kacang Tanah;1996;6642;6351;1;Rendah;18591,36254;7558,772858
SULAWESI TENGAH;Kacang Tanah;1997;5602;5569;1;Rendah;18531,03646;6339,314036
SULAWESI TENGAH;Kacang Tanah;1998;4005;4013;1;Rendah;18470,71038;4466,741209
SULAWESI TENGAH;Kacang Tanah;1999;6891;7710;1;Rendah;18410,3843;7850,739441
SULAWESI TENGAH;Kacang Tanah;2000;5599;6110;1;Rendah;18350,05822;6335,796366
SULAWESI TENGAH;Kacang Tanah;2001;3190;3662;1;Rendah;18289,73215;3511,107613
SULAWESI TENGAH;Kacang Tanah;2002;5465;6152;1;Rendah;18229,40607;6178,673787
SULAWESI TENGAH;Kacang Tanah;2003;5368;5924;1;Rendah;18169,07999;6064,935801
SULAWESI TENGAH;Kacang Tanah;2004;6038;7307;1;Rendah;18108,75391;6850,548696
SULAWESI TENGAH;Kacang Tanah;2005;6347;9201;1;Rendah;18048,42784;7212,868673
SULAWESI TENGAH;Kacang Tanah;2006;7271;10421;1;Rendah;17988,10176;8296,310934
SULAWESI TENGAH;Kacang Tanah;2007;7312;10808;1;Rendah;17927,77568;8344,385753
SULAWESI TENGAH;Kacang Tanah;2008;5231;8758;1;Rendah;17867,4496;5904,295552
SULAWESI TENGAH;Kacang Tanah;2009;6207;10225;1;Rendah;17807,12352;7048,710754
SULAWESI TENGAH;Kacang Tanah;2010;5071;8424;1;Rendah;17746,79745;5716,686502
SULAWESI TENGAH;Kacang Tanah;2011;6362;10513;1;Rendah;17686,47137;7230,457021
SULAWESI TENGAH;Kacang Tanah;2012;6136;9473;1;Rendah;17626,14529;6965,459239
SULAWESI TENGAH;Kacang Tanah;2013;3971;7303;1;Rendah;17565,81921;4426,874286
SULAWESI TENGAH;Kacang Tanah;2014;3751;5853;1;Rendah;17505,49313;4168,911843
SULAWESI TENGAH;Kacang Tanah;2015;2928;4943;1;Rendah;17445,16706;3203,897794
SULAWESI TENGGARA;Kacang Tanah;1993;5255;4645;1;Rendah;18772,34077;5932,436909
SULAWESI TENGGARA;Kacang Tanah;1994;5699;5370;1;Rendah;18712,01469;6453,052022
SULAWESI TENGGARA;Kacang Tanah;1995;5843;3927;1;Rendah;18651,68861;6621,900167
SULAWESI TENGGARA;Kacang Tanah;1996;5992;4325;1;Rendah;18591,36254;6796,611094
SULAWESI TENGGARA;Kacang Tanah;1997;5861;4697;1;Rendah;18531,03646;6643,006185
SULAWESI TENGGARA;Kacang Tanah;1998;8647;6605;1;Rendah;18470,71038;9909,748761
SULAWESI TENGGARA;Kacang Tanah;1999;8909;6897;1;Rendah;18410,3843;10216,95858
SULAWESI TENGGARA;Kacang Tanah;2000;9763;8100;1;Rendah;18350,05822;11218,32188
SULAWESI TENGGARA;Kacang Tanah;2001;9548;7667;1;Rendah;18289,73215;10966,22222
SULAWESI TENGGARA;Kacang Tanah;2002;10588;8536;1;Rendah;18229,40607;12185,68104
SULAWESI TENGGARA;Kacang Tanah;2003;8700;7883;1;Rendah;18169,07999;9971,894258
SULAWESI TENGGARA;Kacang Tanah;2004;8686;7026;1;Rendah;18108,75391;9955,478467
SULAWESI TENGGARA;Kacang Tanah;2005;8580;6995;1;Rendah;18048,42784;9831,187471
SULAWESI TENGGARA;Kacang Tanah;2006;8227;6756;1;Rendah;17988,10176;9417,275006
SULAWESI TENGGARA;Kacang Tanah;2007;8696;7628;1;Rendah;17927,77568;9967,204032
SULAWESI TENGGARA;Kacang Tanah;2008;7781;6938;1;Rendah;17867,4496;8894,31478
SULAWESI TENGGARA;Kacang Tanah;2009;5999;5089;1;Rendah;17807,12352;6804,81899
SULAWESI TENGGARA;Kacang Tanah;2010;6918;4942;1;Rendah;17746,79745;7882,398469
SULAWESI TENGGARA;Kacang Tanah;2011;5887;4540;1;Rendah;17686,47137;6673,492655
SULAWESI TENGGARA;Kacang Tanah;2012;7496;5199;1;Rendah;17626,14529;8560,13616
SULAWESI TENGGARA;Kacang Tanah;2013;6547;4942;1;Rendah;17565,81921;7447,379985
SULAWESI TENGGARA;Kacang Tanah;2014;6058;4652;1;Rendah;17505,49313;6873,999827
SULAWESI TENGGARA;Kacang Tanah;2015;4862;3471;1;Rendah;17445,16706;5471,622181
SULAWESI UTARA;Kacang Tanah;1993;4932;4690;1;Rendah;18772,34077;5553,70114
SULAWESI UTARA;Kacang Tanah;1994;7611;7494;1;Rendah;18712,01469;8694,980165
SULAWESI UTARA;Kacang Tanah;1995;8045;8004;1;Rendah;18651,68861;9203,869712
SULAWESI UTARA;Kacang Tanah;1996;10318;11285;1;Rendah;18591,36254;11869,09077
SULAWESI UTARA;Kacang Tanah;1997;7254;7608;1;Rendah;18531,03646;8276,377473
SULAWESI UTARA;Kacang Tanah;1998;5607;6209;1;Rendah;18470,71038;6345,176818
SULAWESI UTARA;Kacang Tanah;1999;6416;6617;1;Rendah;18410,3843;7293,775075
SULAWESI UTARA;Kacang Tanah;2000;7850;8291;1;Rendah;18350,05822;8975,221182
SULAWESI UTARA;Kacang Tanah;2001;5282;5982;1;Rendah;18289,73215;5964,095936
SULAWESI UTARA;Kacang Tanah;2002;3197;3525;1;Rendah;18229,40607;3519,315509
SULAWESI UTARA;Kacang Tanah;2003;4363;4683;1;Rendah;18169,07999;4886,516458
SULAWESI UTARA;Kacang Tanah;2004;5132;5554;1;Rendah;18108,75391;5788,212452
SULAWESI UTARA;Kacang Tanah;2005;5668;6267;1;Rendah;18048,42784;6416,702769
SULAWESI UTARA;Kacang Tanah;2006;5821;7205;1;Rendah;17988,10176;6596,103922
SULAWESI UTARA;Kacang Tanah;2007;5756;7562;1;Rendah;17927,77568;6519,887746
SULAWESI UTARA;Kacang Tanah;2008;6573;8640;1;Rendah;17867,4496;7477,866455
SULAWESI UTARA;Kacang Tanah;2009;6450;8493;1;Rendah;17807,12352;7333,641998
SULAWESI UTARA;Kacang Tanah;2010;6611;8671;1;Rendah;17746,79745;7522,423605
SULAWESI UTARA;Kacang Tanah;2011;6908;9049;1;Rendah;17686,47137;7870,672903
SULAWESI UTARA;Kacang Tanah;2012;6293;8247;1;Rendah;17626,14529;7149,550619
SULAWESI UTARA;Kacang Tanah;2013;6712;8805;1;Rendah;17565,81921;7640,851817
SULAWESI UTARA;Kacang Tanah;2014;5295;7069;1;Rendah;17505,49313;5979,339172
SULAWESI UTARA;Kacang Tanah;2015;3438;3971;1;Rendah;17445,16706;3801,90164
SUMATERA BARAT;Kacang Tanah;1993;7229;6894;1;Rendah;18772,34077;8247,063559
SUMATERA BARAT;Kacang Tanah;1994;9649;9523;1;Rendah;18712,01469;11084,65043
SUMATERA BARAT;Kacang Tanah;1995;10315;9842;1;Rendah;18651,68861;11865,5731
SUMATERA BARAT;Kacang Tanah;1996;10028;10702;1;Rendah;18591,36254;11529,04937
SUMATERA BARAT;Kacang Tanah;1997;9331;10021;1;Rendah;18531,03646;10711,77745
SUMATERA BARAT;Kacang Tanah;1998;8364;8804;1;Rendah;18470,71038;9577,915254
SUMATERA BARAT;Kacang Tanah;1999;8130;9005;1;Rendah;18410,3843;9303,537019
SUMATERA BARAT;Kacang Tanah;2000;7807;8583;1;Rendah;18350,05822;8924,80125
SUMATERA BARAT;Kacang Tanah;2001;7630;8712;1;Rendah;18289,73215;8717,258739
SUMATERA BARAT;Kacang Tanah;2002;7704;8757;1;Rendah;18229,40607;8804,027925
SUMATERA BARAT;Kacang Tanah;2003;7017;7821;1;Rendah;18169,07999;7998,481568
SUMATERA BARAT;Kacang Tanah;2004;8275;9949;1;Rendah;18108,75391;9473,55772
SUMATERA BARAT;Kacang Tanah;2005;8433;10501;1;Rendah;18048,42784;9658,821657
SUMATERA BARAT;Kacang Tanah;2006;8017;10116;1;Rendah;17988,10176;9171,038128
SUMATERA BARAT;Kacang Tanah;2007;7185;9671;1;Rendah;17927,77568;8195,47107
SUMATERA BARAT;Kacang Tanah;2008;7797;10260;1;Rendah;17867,4496;8913,075685
SUMATERA BARAT;Kacang Tanah;2009;7722;9207;1;Rendah;17807,12352;8825,133943
SUMATERA BARAT;Kacang Tanah;2010;7280;9162;1;Rendah;17746,79745;8306,863943
SUMATERA BARAT;Kacang Tanah;2011;7891;11908;1;Rendah;17686,47137;9023,296001
SUMATERA BARAT;Kacang Tanah;2012;6819;9597;1;Rendah;17626,14529;7766,315369
SUMATERA BARAT;Kacang Tanah;2013;5904;9093;1;Rendah;17565,81921;6693,426117
SUMATERA BARAT;Kacang Tanah;2014;5442;7410;1;Rendah;17505,49313;6151,704986
SUMATERA BARAT;Kacang Tanah;2015;4087;5964;1;Rendah;17445,16706;4562,890847
SUMATERA SELATAN;Kacang Tanah;1993;18199;18854;1;Rendah;18772,34077;21110,00902
SUMATERA SELATAN;Kacang Tanah;1994;10490;10322;1;Rendah;18712,01469;12070,7705
SUMATERA SELATAN;Kacang Tanah;1995;15176;17897;1;Rendah;18651,68861;17565,37054
SUMATERA SELATAN;Kacang Tanah;1996;14922;17435;1;Rendah;18591,36254;17267,54117
SUMATERA SELATAN;Kacang Tanah;1997;11351;12630;1;Rendah;18531,03646;13080,3417
SUMATERA SELATAN;Kacang Tanah;1998;8489;9424;1;Rendah;18470,71038;9724,484824
SUMATERA SELATAN;Kacang Tanah;1999;12338;13756;1;Rendah;18410,3843;14237,65502
SUMATERA SELATAN;Kacang Tanah;2000;7050;7731;1;Rendah;18350,05822;8037,175934
SUMATERA SELATAN;Kacang Tanah;2001;5763;6167;1;Rendah;18289,73215;6528,095642
SUMATERA SELATAN;Kacang Tanah;2002;5743;6218;1;Rendah;18229,40607;6504,644511
SUMATERA SELATAN;Kacang Tanah;2003;6503;7682;1;Rendah;18169,07999;7395,787496
SUMATERA SELATAN;Kacang Tanah;2004;5461;7187;1;Rendah;18108,75391;6173,983561
SUMATERA SELATAN;Kacang Tanah;2005;7328;9756;1;Rendah;18048,42784;8363,146658
SUMATERA SELATAN;Kacang Tanah;2006;8639;11696;1;Rendah;17988,10176;9900,368308
SUMATERA SELATAN;Kacang Tanah;2007;5583;7676;1;Rendah;17927,77568;6317,035461
SUMATERA SELATAN;Kacang Tanah;2008;5757;7499;1;Rendah;17867,4496;6521,060302
SUMATERA SELATAN;Kacang Tanah;2009;4797;6459;1;Rendah;17807,12352;5395,406005
SUMATERA SELATAN;Kacang Tanah;2010;4632;6109;1;Rendah;17746,79745;5201,934172
SUMATERA SELATAN;Kacang Tanah;2011;3046;3960;1;Rendah;17686,47137;3342,259468
SUMATERA SELATAN;Kacang Tanah;2012;3129;4060;1;Rendah;17626,14529;3439,581663
SUMATERA SELATAN;Kacang Tanah;2013;2547;3475;1;Rendah;17565,81921;2757,153745
SUMATERA SELATAN;Kacang Tanah;2014;2284;2720;1;Rendah;17505,49313;2448,771369
SUMATERA SELATAN;Kacang Tanah;2015;1709;2021;1;Rendah;17445,16706;1774,551347
SUMATERA UTARA;Kacang Tanah;1993;24607;24801;1;Rendah;18772,34077;28623,75146
SUMATERA UTARA;Kacang Tanah;1994;27556;28134;1;Rendah;18712,01469;32081,62075
SUMATERA UTARA;Kacang Tanah;1995;31751;32115;1;Rendah;18651,68861;37000,49552
SUMATERA UTARA;Kacang Tanah;1996;29465;30330;1;Rendah;18591,36254;34320,03123
SUMATERA UTARA;Kacang Tanah;1997;30191;31188;1;Rendah;18531,03646;35171,30729
SUMATERA UTARA;Kacang Tanah;1998;24907;26037;1;Rendah;18470,71038;28975,51843
SUMATERA UTARA;Kacang Tanah;1999;22297;21986;1;Rendah;18410,3843;25915,1458
SUMATERA UTARA;Kacang Tanah;2000;22799;23901;1;Rendah;18350,05822;26503,7692
SUMATERA UTARA;Kacang Tanah;2001;21130;22485;1;Rendah;18289,73215;24546,7723
SUMATERA UTARA;Kacang Tanah;2002;21432;23296;1;Rendah;18229,40607;24900,88438
SUMATERA UTARA;Kacang Tanah;2003;22962;25097;1;Rendah;18169,07999;26694,89592
SUMATERA UTARA;Kacang Tanah;2004;26029;28708;1;Rendah;18108,75391;30291,12689
SUMATERA UTARA;Kacang Tanah;2005;19195;21042;1;Rendah;18048,42784;22277,87536
SUMATERA UTARA;Kacang Tanah;2006;17991;20118;1;Rendah;17988,10176;20866,11726
SUMATERA UTARA;Kacang Tanah;2007;17694;20329;1;Rendah;17927,77568;20517,86796
SUMATERA UTARA;Kacang Tanah;2008;16626;19316;1;Rendah;17867,4496;19265,57755
SUMATERA UTARA;Kacang Tanah;2009;14294;16771;1;Rendah;17807,12352;16531,17566
SUMATERA UTARA;Kacang Tanah;2010;14520;16449;1;Rendah;17746,79745;16796,17344
SUMATERA UTARA;Kacang Tanah;2011;10773;11093;1;Rendah;17686,47137;12402,60401
SUMATERA UTARA;Kacang Tanah;2012;10154;12074;1;Rendah;17626,14529;11676,7915
SUMATERA UTARA;Kacang Tanah;2013;9377;11351;1;Rendah;17565,81921;10765,71505
SUMATERA UTARA;Kacang Tanah;2014;8311;9777;1;Rendah;17505,49313;9515,769757
SUMATERA UTARA;Kacang Tanah;2015;7342;8517;1;Rendah;17445,16706;8379,56245
